{
    "categoria": [{
        "idCategoria": 32,
        "nomeCategoria": "CAIXA SANTANDER SELECT/PRIVATE",
        "minAmarelo": 75,
        "minVermelho": 90,
        "idLocalAtendimento": "CAIXA",
        "rangeFinal": 1000,
        "rangeInicial": 1,
        "tipoCategoria": "A ",
        "metaDia": 1200,
        "paineis": [],
        "emissorFeriado": "Carga Inicial - MUNICIPAL"
    }, {
        "idCategoria": 31,
        "nomeCategoria": "CAIXA PRIORITÁRIO",
        "minAmarelo": 75,
        "minVermelho": 90,
        "idLocalAtendimento": "CAIXA",
        "rangeFinal": 1500,
        "rangeInicial": 1001,
        "tipoCategoria": "B ",
        "metaDia": 1200,
        "paineis": [],
        "emissorFeriado": "Carga Inicial - MUNICIPAL"
    }, {
        "idCategoria": 45,
        "nomeCategoria": "GERENCIA SANTANDER ESPECIAL",
        "minAmarelo": 75,
        "minVermelho": 90,
        "idLocalAtendimento": "GERÊNCIA",
        "rangeFinal": 2000,
        "rangeInicial": 1501,
        "tipoCategoria": "C ",
        "metaDia": 1200,
        "paineis": [],
        "emissorFeriado": "Carga Inicial - MUNICIPAL"
    }, {
        "idCategoria": 35,
        "nomeCategoria": "CAIXA SANTANDER NEGÓCIOS E EMPRESAS",
        "minAmarelo": 75,
        "minVermelho": 90,
        "idLocalAtendimento": "CAIXA",
        "rangeFinal": 2500,
        "rangeInicial": 2001,
        "tipoCategoria": "D ",
        "metaDia": 1200,
        "paineis": [],
        "emissorFeriado": "Carga Inicial - MUNICIPAL"
    }, {
        "idCategoria": 36,
        "nomeCategoria": "CAIXA",
        "minAmarelo": 75,
        "minVermelho": 90,
        "idLocalAtendimento": "CAIXA",
        "rangeFinal": 3000,
        "rangeInicial": 2501,
        "tipoCategoria": "E ",
        "metaDia": 1200,
        "paineis": [],
        "emissorFeriado": "Carga Inicial - MUNICIPAL"
    }, {
        "idCategoria": 33,
        "nomeCategoria": "CAIXA SANTANDER VAN GOGH",
        "minAmarelo": 75,
        "minVermelho": 90,
        "idLocalAtendimento": "CAIXA",
        "rangeFinal": 3500,
        "rangeInicial": 3001,
        "tipoCategoria": "F ",
        "metaDia": 1200,
        "paineis": [],
        "emissorFeriado": "Carga Inicial - MUNICIPAL"
    }, {
        "idCategoria": 42,
        "nomeCategoria": "GERÊNCIA PESSOA FISICA PRIORITÁRIO",
        "minAmarelo": 75,
        "minVermelho": 90,
        "idLocalAtendimento": "GERÊNCIA",
        "rangeFinal": 4000,
        "rangeInicial": 3501,
        "tipoCategoria": "G ",
        "metaDia": 1200,
        "paineis": [],
        "emissorFeriado": "Carga Inicial - MUNICIPAL"
    }, {
        "idCategoria": 43,
        "nomeCategoria": "GERENCIA SANTANDER SELECT/PRIVATE",
        "minAmarelo": 75,
        "minVermelho": 90,
        "idLocalAtendimento": "GERÊNCIA",
        "rangeFinal": 4500,
        "rangeInicial": 4001,
        "tipoCategoria": "H ",
        "metaDia": 1200,
        "paineis": [],
        "emissorFeriado": "Carga Inicial - MUNICIPAL"
    }, {
        "idCategoria": 44,
        "nomeCategoria": "GERÊNCIA SANTANDER VAN GOGH",
        "minAmarelo": 75,
        "minVermelho": 90,
        "idLocalAtendimento": "GERÊNCIA",
        "rangeFinal": 5000,
        "rangeInicial": 4501,
        "tipoCategoria": "I ",
        "metaDia": 1200,
        "paineis": [],
        "emissorFeriado": "Carga Inicial - MUNICIPAL"
    }, {
        "idCategoria": 34,
        "nomeCategoria": "CAIXA SANTANDER ESPECIAL",
        "minAmarelo": 75,
        "minVermelho": 90,
        "idLocalAtendimento": "CAIXA",
        "rangeFinal": 5500,
        "rangeInicial": 5001,
        "tipoCategoria": "J ",
        "metaDia": 1200,
        "paineis": [],
        "emissorFeriado": "Carga Inicial - MUNICIPAL"
    }, {
        "idCategoria": 46,
        "nomeCategoria": "GERENCIA SANTANDER NEGOCIOS E EMPRESAS",
        "minAmarelo": 75,
        "minVermelho": 90,
        "idLocalAtendimento": "GERÊNCIA",
        "rangeFinal": 6000,
        "rangeInicial": 5501,
        "tipoCategoria": "K ",
        "metaDia": 1200,
        "paineis": [],
        "emissorFeriado": "Carga Inicial - MUNICIPAL"
    }, {
        "idCategoria": 47,
        "nomeCategoria": "GERÊNCIA",
        "minAmarelo": 75,
        "minVermelho": 90,
        "idLocalAtendimento": "GERÊNCIA",
        "rangeFinal": 6500,
        "rangeInicial": 6001,
        "tipoCategoria": "L ",
        "metaDia": 1200,
        "paineis": [],
        "emissorFeriado": "Carga Inicial - MUNICIPAL"
    }, {
        "idCategoria": 48,
        "nomeCategoria": "GERÊNCIA NEGÓCIOS E EMPRESAS PRIORITÁRIO",
        "minAmarelo": 75,
        "minVermelho": 90,
        "idLocalAtendimento": "GERÊNCIA",
        "rangeFinal": 7000,
        "rangeInicial": 6501,
        "tipoCategoria": "M ",
        "metaDia": 1200,
        "paineis": [],
        "emissorFeriado": "Carga Inicial - MUNICIPAL"
    }, {
        "idCategoria": 49,
        "nomeCategoria": "GERÊNCIA PRIORITÁRIO",
        "minAmarelo": 75,
        "minVermelho": 90,
        "idLocalAtendimento": "GERÊNCIA",
        "rangeFinal": 7500,
        "rangeInicial": 7001,
        "tipoCategoria": "N ",
        "metaDia": 1200,
        "paineis": [],
        "emissorFeriado": "Carga Inicial - MUNICIPAL"
    }, {
        "idCategoria": 50,
        "nomeCategoria": "GERÊNCIA SANTANDER VAN GOGH PRIORITÁRIO",
        "minAmarelo": 75,
        "minVermelho": 90,
        "idLocalAtendimento": "GERÊNCIA",
        "rangeFinal": 8000,
        "rangeInicial": 7501,
        "tipoCategoria": "O ",
        "metaDia": 1200,
        "paineis": [],
        "emissorFeriado": "Carga Inicial - MUNICIPAL"
    }, {
        "idCategoria": 51,
        "nomeCategoria": "GERENCIA SANTANDER SELECT/PRIVATE PRIORITÁRIO",
        "minAmarelo": 75,
        "minVermelho": 90,
        "idLocalAtendimento": "GERÊNCIA",
        "rangeFinal": 8500,
        "rangeInicial": 8001,
        "tipoCategoria": "P ",
        "metaDia": 1200,
        "paineis": [],
        "emissorFeriado": "Carga Inicial - MUNICIPAL"
    }]
}
