{
    "senhas": [{
        "idAtendimento": 1925,
        "senha": "B1002",
        "dtImpressao": "08/05/2019 19:28:40",
        "dtChamada": "08/05/2019 23:39:55",
        "dtFim": "08/05/2019 23:41:06",
        "dtInicioAtendimento": "08/05/2019 23:40:57",
        "flgPriorizada": true,
        "qtdRechamada": 0,
        "stsEnviado": 0,
        "tipoFilaRedirecionamento": false,
        "categoria": {
            "id": 31,
            "tipoCategoria": "B ",
            "nomeCategoria": "CAIXA PRIORITÁRIO",
            "senhaInicial": 1001,
            "senhaFinal": 1500,
            "localAtendimento": {
                "idLocalAtendimento": 1,
                "descricaoLocalAtendimento": "CAIXA"
            },
            "isCliente": false,
            "metaDia": 1200,
            "minAmarelo": 75,
            "minVermelho": 90,
            "contExclusaoAtendimento": 0
        },
        "stsAtend": {
            "idAtend": 1,
            "descricaoAtend": "CONCLUIDA"
        },
        "tme": "04:11:15",
        "tma": "00:01:11",
        "terminalPosicao": "03",
        "nomeUsuario": "ZE",
        "porcentagemMeta": 1200,
        "status": "CONCLUIDA"
    }, {
        "idAtendimento": 1928,
        "senha": "B1003",
        "dtImpressao": "08/05/2019 19:31:42",
        "dtChamada": "08/05/2019 23:41:09",
        "dtFim": "08/05/2019 23:41:16",
        "dtInicioAtendimento": "08/05/2019 23:41:11",
        "flgPriorizada": false,
        "qtdRechamada": 0,
        "stsEnviado": 0,
        "tipoFilaRedirecionamento": false,
        "categoria": {
            "id": 31,
            "tipoCategoria": "B ",
            "nomeCategoria": "CAIXA PRIORITÁRIO",
            "senhaInicial": 1001,
            "senhaFinal": 1500,
            "localAtendimento": {
                "idLocalAtendimento": 1,
                "descricaoLocalAtendimento": "CAIXA"
            },
            "isCliente": false,
            "metaDia": 1200,
            "minAmarelo": 75,
            "minVermelho": 90,
            "contExclusaoAtendimento": 0
        },
        "stsAtend": {
            "idAtend": 1,
            "descricaoAtend": "CONCLUIDA"
        },
        "tme": "04:09:27",
        "tma": "00:00:07",
        "terminalPosicao": "03",
        "nomeUsuario": "ZE",
        "porcentagemMeta": 1200,
        "status": "CONCLUIDA"
    }, {
        "idAtendimento": 1929,
        "senha": "B1004",
        "dtImpressao": "08/05/2019 19:31:58",
        "dtChamada": "08/05/2019 23:41:20",
        "dtFim": "08/05/2019 23:41:30",
        "dtInicioAtendimento": "08/05/2019 23:41:22",
        "flgPriorizada": false,
        "qtdRechamada": 0,
        "stsEnviado": 0,
        "tipoFilaRedirecionamento": false,
        "categoria": {
            "id": 31,
            "tipoCategoria": "B ",
            "nomeCategoria": "CAIXA PRIORITÁRIO",
            "senhaInicial": 1001,
            "senhaFinal": 1500,
            "localAtendimento": {
                "idLocalAtendimento": 1,
                "descricaoLocalAtendimento": "CAIXA"
            },
            "isCliente": false,
            "metaDia": 1200,
            "minAmarelo": 75,
            "minVermelho": 90,
            "contExclusaoAtendimento": 0
        },
        "stsAtend": {
            "idAtend": 1,
            "descricaoAtend": "CONCLUIDA"
        },
        "tme": "04:09:22",
        "tma": "00:00:10",
        "terminalPosicao": "03",
        "nomeUsuario": "ZE",
        "porcentagemMeta": 1200,
        "status": "CONCLUIDA"
    }]
}
