{
    "categorias": [{
        "totalSenhaEmAberto": 0,
        "totalSenhaEmAtendimento": 0,
        "totalSenhaConcluida": 0,
        "totalSenhaCancelada": 0,
        "tempoMedioEspera": "00:00:00",
        "metaDia": 1200,
        "minAmarelo": 75,
        "minVermelho": 90,
        "idCategoria": 32,
        "nomeCategoria": "CAIXA SANTANDER SELECT/PRIVATE",
        "cor": 1,
        "senhaEmAberto": []
    }, {
        "totalSenhaEmAberto": 3,
        "totalSenhaEmAtendimento": 0,
        "totalSenhaConcluida": 0,
        "totalSenhaCancelada": 0,
        "tempoMedioEspera": "00:00:00",
        "metaDia": 1200,
        "minAmarelo": 75,
        "minVermelho": 90,
        "idCategoria": 31,
        "nomeCategoria": "CAIXA PRIORITÁRIO",
        "cor": 1,
        "senhaEmAberto": [{
            "idAtendimento": 1925,
            "senha": "B1002",
            "dtImpressao": "08/05/2019 19:28:40",
            "tempoEspera": "",
            "cor": 1,
            "porcMeta": 800,
            "priorizado": false
        }, {
            "idAtendimento": 1928,
            "senha": "B1003",
            "dtImpressao": "08/05/2019 19:31:42",
            "tempoEspera": "",
            "cor": 1,
            "porcMeta": 950,
            "priorizado": true
        }, {
            "idAtendimento": 1929,
            "senha": "B1004",
            "dtImpressao": "08/05/2019 19:31:58",
            "tempoEspera": "",
            "cor": 1,
            "porcMeta": 1100,
            "priorizado": false
        }, {
            "idAtendimento": 1930,
            "senha": "B1005",
            "dtImpressao": "08/05/2019 19:32:12",
            "tempoEspera": "",
            "cor": 1,
            "porcMeta": 90,
            "priorizado": true
        }]
    }, {
        "totalSenhaEmAberto": 0,
        "totalSenhaEmAtendimento": 0,
        "totalSenhaConcluida": 0,
        "totalSenhaCancelada": 0,
        "tempoMedioEspera": "00:00:00",
        "metaDia": 1200,
        "minAmarelo": 75,
        "minVermelho": 90,
        "idCategoria": 45,
        "nomeCategoria": "GERENCIA SANTANDER ESPECIAL",
        "cor": 1,
        "senhaEmAberto": []
    }, {
        "totalSenhaEmAberto": 0,
        "totalSenhaEmAtendimento": 0,
        "totalSenhaConcluida": 0,
        "totalSenhaCancelada": 0,
        "tempoMedioEspera": "00:00:00",
        "metaDia": 1200,
        "minAmarelo": 75,
        "minVermelho": 90,
        "idCategoria": 35,
        "nomeCategoria": "CAIXA SANTANDER NEGÓCIOS E EMPRESAS",
        "cor": 1,
        "senhaEmAberto": []
    }, {
        "totalSenhaEmAberto": 0,
        "totalSenhaEmAtendimento": 0,
        "totalSenhaConcluida": 0,
        "totalSenhaCancelada": 0,
        "tempoMedioEspera": "00:00:00",
        "metaDia": 1200,
        "minAmarelo": 75,
        "minVermelho": 90,
        "idCategoria": 36,
        "nomeCategoria": "CAIXA",
        "cor": 1,
        "senhaEmAberto": []
    }, {
        "totalSenhaEmAberto": 0,
        "totalSenhaEmAtendimento": 0,
        "totalSenhaConcluida": 0,
        "totalSenhaCancelada": 0,
        "tempoMedioEspera": "00:00:00",
        "metaDia": 1200,
        "minAmarelo": 75,
        "minVermelho": 90,
        "idCategoria": 33,
        "nomeCategoria": "CAIXA SANTANDER VAN GOGH",
        "cor": 1,
        "senhaEmAberto": []
    }, {
        "totalSenhaEmAberto": 0,
        "totalSenhaEmAtendimento": 0,
        "totalSenhaConcluida": 0,
        "totalSenhaCancelada": 0,
        "tempoMedioEspera": "00:00:00",
        "metaDia": 1200,
        "minAmarelo": 75,
        "minVermelho": 90,
        "idCategoria": 42,
        "nomeCategoria": "GERÊNCIA PESSOA FISICA PRIORITÁRIO",
        "cor": 1,
        "senhaEmAberto": []
    }, {
        "totalSenhaEmAberto": 0,
        "totalSenhaEmAtendimento": 0,
        "totalSenhaConcluida": 0,
        "totalSenhaCancelada": 0,
        "tempoMedioEspera": "00:00:00",
        "metaDia": 1200,
        "minAmarelo": 75,
        "minVermelho": 90,
        "idCategoria": 43,
        "nomeCategoria": "GERENCIA SANTANDER SELECT/PRIVATE",
        "cor": 1,
        "senhaEmAberto": []
    }, {
        "totalSenhaEmAberto": 1,
        "totalSenhaEmAtendimento": 0,
        "totalSenhaConcluida": 0,
        "totalSenhaCancelada": 0,
        "tempoMedioEspera": "00:00:00",
        "metaDia": 1200,
        "minAmarelo": 75,
        "minVermelho": 90,
        "idCategoria": 44,
        "nomeCategoria": "GERÊNCIA SANTANDER VAN GOGH",
        "cor": 1,
        "senhaEmAberto": [{
            "idAtendimento": 1927,
            "senha": "I4502",
            "dtImpressao": "08/05/2019 19:31:24",
            "tempoEspera": "",
            "cor": 1,
            "porcMeta": 0,
            "priorizado": false
        }]
    }, {
        "totalSenhaEmAberto": 1,
        "totalSenhaEmAtendimento": 0,
        "totalSenhaConcluida": 0,
        "totalSenhaCancelada": 0,
        "tempoMedioEspera": "00:00:00",
        "metaDia": 1200,
        "minAmarelo": 75,
        "minVermelho": 90,
        "idCategoria": 34,
        "nomeCategoria": "CAIXA SANTANDER ESPECIAL",
        "cor": 1,
        "senhaEmAberto": [{
            "idAtendimento": 1926,
            "senha": "J5002",
            "dtImpressao": "08/05/2019 19:28:54",
            "tempoEspera": "",
            "cor": 1,
            "porcMeta": 0,
            "priorizado": false
        }]
    }, {
        "totalSenhaEmAberto": 0,
        "totalSenhaEmAtendimento": 0,
        "totalSenhaConcluida": 0,
        "totalSenhaCancelada": 0,
        "tempoMedioEspera": "00:00:00",
        "metaDia": 1200,
        "minAmarelo": 75,
        "minVermelho": 90,
        "idCategoria": 46,
        "nomeCategoria": "GERENCIA SANTANDER NEGOCIOS E EMPRESAS",
        "cor": 1,
        "senhaEmAberto": []
    }, {
        "totalSenhaEmAberto": 0,
        "totalSenhaEmAtendimento": 0,
        "totalSenhaConcluida": 0,
        "totalSenhaCancelada": 0,
        "tempoMedioEspera": "00:00:00",
        "metaDia": 1200,
        "minAmarelo": 75,
        "minVermelho": 90,
        "idCategoria": 47,
        "nomeCategoria": "GERÊNCIA",
        "cor": 1,
        "senhaEmAberto": []
    }, {
        "totalSenhaEmAberto": 0,
        "totalSenhaEmAtendimento": 0,
        "totalSenhaConcluida": 0,
        "totalSenhaCancelada": 0,
        "tempoMedioEspera": "00:00:00",
        "metaDia": 1200,
        "minAmarelo": 75,
        "minVermelho": 90,
        "idCategoria": 48,
        "nomeCategoria": "GERÊNCIA NEGÓCIOS E EMPRESAS PRIORITÁRIO",
        "cor": 1,
        "senhaEmAberto": []
    }, {
        "totalSenhaEmAberto": 0,
        "totalSenhaEmAtendimento": 0,
        "totalSenhaConcluida": 0,
        "totalSenhaCancelada": 0,
        "tempoMedioEspera": "00:00:00",
        "metaDia": 1200,
        "minAmarelo": 75,
        "minVermelho": 90,
        "idCategoria": 49,
        "nomeCategoria": "GERÊNCIA PRIORITÁRIO",
        "cor": 1,
        "senhaEmAberto": []
    }, {
        "totalSenhaEmAberto": 0,
        "totalSenhaEmAtendimento": 0,
        "totalSenhaConcluida": 0,
        "totalSenhaCancelada": 0,
        "tempoMedioEspera": "00:00:00",
        "metaDia": 1200,
        "minAmarelo": 75,
        "minVermelho": 90,
        "idCategoria": 50,
        "nomeCategoria": "GERÊNCIA SANTANDER VAN GOGH PRIORITÁRIO",
        "cor": 1,
        "senhaEmAberto": []
    }, {
        "totalSenhaEmAberto": 0,
        "totalSenhaEmAtendimento": 0,
        "totalSenhaConcluida": 0,
        "totalSenhaCancelada": 0,
        "tempoMedioEspera": "00:00:00",
        "metaDia": 1200,
        "minAmarelo": 75,
        "minVermelho": 90,
        "idCategoria": 51,
        "nomeCategoria": "GERENCIA SANTANDER SELECT/PRIVATE PRIORITÁRIO",
        "cor": 1,
        "senhaEmAberto": []
    }]
}
