{
    "idAtendimento": 1898,
    "categoria": 31,
    "caixa": 3,
    "usuario": 71234,
    "objetivo": null,
    "stsAtend": 0,
    "nomeUsuario": "ZE",
    "matricula": "71234",
    "senha": "B1003",
    "dtImpressao": "04/05/2019 14:14:28",
    "dtChamada": "",
    "dtFim": "",
    "dtInicioAtendimento": "",
    "flgPriorizada": false,
    "qtdRechamada": 0,
    "obs": null,
    "stsEnviado": 0,
    "tipoFilaRedirecionamento": false,
    "ordem": 0,
    "idBotao": 2,
    "flgChamarFinal": false,
    "nomeCategoria": "CAIXA PRIORITÁRIO",
    "crm": [ "nome_cliente" : "Fábio"],
    "dtImpressaoDate": 1556990068000,
    "dtChamadaDate": null
}
