{
    "idAtendimento": 1907,
    "categoria": 31,
    "caixa": 3,
    "usuario": 71234,
    "objetivo": null,
    "stsAtend": 1,
    "nomeUsuario": "ZE",
    "matricula": "71234",
    "senha": "B1008",
    "dtImpressao": "06/05/2019 19:53:08",
    "dtChamada": "05/05/2019 20:06:42",
    "dtFim": "05/05/2019 20:07:46",
    "dtInicioAtendimento": "05/05/2019 20:07:22",
    "flgPriorizada": false,
    "qtdRechamada": 0,
    "obs": null,
    "stsEnviado": 0,
    "tipoFilaRedirecionamento": false,
    "ordem": 0,
    "idBotao": 2,
    "flgChamarFinal": false,
    "nomeCategoria": "CAIXA PRIORITÁRIO",
    "crm": null,
    "dtChamadaDate": 1557097602000,
    "dtImpressaoDate": 1557183188000
}