{
    "obs": "",
    "tipoFilaRedirecionamento": false,
    "dtInicioAtendimento": "04/05/2019 23:38:15",
    "flgPriorizada": false,
    "dtChamadaDate": {
        "date": 4,
        "hours": 23,
        "seconds": 26,
        "month": 4,
        "nanos": 0,
        "timezoneOffset": 180,
        "year": 119,
        "minutes": 37,
        "time": 1557023846000,
        "day": 6
    },
    "objetivo": 0,
    "senha": "B1005",
    "caixa": 3,
    "dtImpressao": "05/05/2019 23:25:19",
    "ordem": 0,
    "flgChamarFinal": false,
    "crm": "",
    "stsEnviado": 0,
    "dtImpressaoDate": {
        "date": 5,
        "hours": 23,
        "seconds": 19,
        "month": 4,
        "nanos": 0,
        "timezoneOffset": 180,
        "year": 119,
        "minutes": 25,
        "time": 1557109519000,
        "day": 0
    },
    "categoria": 31,
    "dtFim": "",
    "nomeCategoria": "CAIXA PRIORITÁRIO",
    "nomeUsuario": "ZE",
    "qtdRechamada": 0,
    "idAtendimento": 1900,
    "idBotao": 2,
    "stsAtend": 4,
    "matricula": "71234",
    "dtChamada": "04/05/2019 23:37:26",
    "usuario": 71234,
    "tme": "-23:-47:-53"
}
